version	fingerprint	head	worktree	unique_content	state	upgrade_action	missing	path
v1.25.0	f3406b158c78	e93582c	clean	0	PROJECT_BEHIND_CANONICAL	INSPECT_BASELINE	-	/Users/hrms/MAC-DEV-PROJECTS/AZURE_MIGRATION_VPS_DEPLOYMENT/AURAGENDA-DEPLOY/copias/teragenda/sds-dev-governance
v1.25.0	2f0c459974f4	1c8e675a	clean	1	LOCAL_GOVERNANCE_DELTA	PROMOTE_FIRST	-	/Users/hrms/MAC-DEV-PROJECTS/AZURE_MIGRATION_VPS_DEPLOYMENT/AURAGENDA-DEPLOY/trabajo/teragenda/sds-dev-governance
v1.25.0	b300273862d9	838a31f	clean	0	PROJECT_BEHIND_CANONICAL	INSPECT_BASELINE	-	/Users/hrms/MAC-DEV-PROJECTS/AZURE_MIGRATION_VPS_DEPLOYMENT/artifacts/20260908T200100Z/source/sds-dev-governance
v1.25.0	b300273862d9	8616842	clean	0	PROJECT_BEHIND_CANONICAL	INSPECT_BASELINE	-	/Users/hrms/MAC-DEV-PROJECTS/AZURE_MIGRATION_VPS_DEPLOYMENT/artifacts/20260908T200717Z/source/sds-dev-governance
v1.25.0	b300273862d9	8616842	clean	0	PROJECT_BEHIND_CANONICAL	INSPECT_BASELINE	-	/Users/hrms/MAC-DEV-PROJECTS/AZURE_MIGRATION_VPS_DEPLOYMENT/artifacts/20260908T200927Z/source/sds-dev-governance
v1.25.0	b300273862d9	5d590f2	clean	0	PROJECT_BEHIND_CANONICAL	INSPECT_BASELINE	-	/Users/hrms/MAC-DEV-PROJECTS/AZURE_MIGRATION_VPS_DEPLOYMENT/artifacts/20260908T222729Z/source/sds-dev-governance
v1.25.0	7fd99cd1335c	e2cbe1c	clean	0	PROJECT_BEHIND_CANONICAL	INSPECT_BASELINE	-	/Users/hrms/MAC-DEV-PROJECTS/AZURE_MIGRATION_VPS_DEPLOYMENT/artifacts/20260908T223507Z/source/sds-dev-governance
v1.25.0	2f0c459974f4	2dc535a	clean	1	LOCAL_GOVERNANCE_DELTA	PROMOTE_FIRST	-	/Users/hrms/MAC-DEV-PROJECTS/AZURE_MIGRATION_VPS_DEPLOYMENT/artifacts/20260908T231006Z/source/sds-dev-governance
v1.25.0	2f0c459974f4	14e1b98	clean	1	LOCAL_GOVERNANCE_DELTA	PROMOTE_FIRST	-	/Users/hrms/MAC-DEV-PROJECTS/AZURE_MIGRATION_VPS_DEPLOYMENT/artifacts/20260908T232309Z/source/sds-dev-governance
v1.25.0	b300273862d9	9d7a674	clean	0	PROJECT_BEHIND_CANONICAL	INSPECT_BASELINE	-	/Users/hrms/MAC-DEV-PROJECTS/auragenda-home/project-based-on-teragenda/teragenda/sds-dev-governance
v1.25.0	da5bc13f8155	066fc31	dirty	1	LOCAL_GOVERNANCE_DELTA	PROMOTE_FIRST	-	/Users/hrms/MAC-DEV-PROJECTS/auragenda-home/sds-dev-governance
v1.25.0	da5bc13f8155	95866ae	clean	1	LOCAL_GOVERNANCE_DELTA	PROMOTE_FIRST	-	/Users/hrms/MAC-DEV-PROJECTS/fields-android/sds-dev-governance
v1.25.0	4928b7cda19a	6c6fefd	dirty	4	LOCAL_GOVERNANCE_DELTA	PROMOTE_FIRST	-	/Users/hrms/MAC-DEV-PROJECTS/fields-web/fieldsapp-web-main/sds-dev-governance
v1.25.0	45965c2378f5	fb88273	dirty	7	LOCAL_GOVERNANCE_DELTA	PROMOTE_FIRST	-	/Users/hrms/MAC-DEV-PROJECTS/maryna-ventura/sds-dev-governance
v1.28.0	ab3bd6dc13d6	c81a0af	dirty	1	LOCAL_GOVERNANCE_DELTA	PROMOTE_FIRST	-	/Users/hrms/MAC-DEV-PROJECTS/roots/sds-dev-governance
v1.30.0	be071876e9c6	c63d175	dirty	564	LOCAL_GOVERNANCE_DELTA	PROMOTE_FIRST	-	/Users/hrms/MAC-DEV-PROJECTS/sds-dev-governance
v1.25.0	da5bc13f8155	ed951f3	dirty	1	LOCAL_GOVERNANCE_DELTA	PROMOTE_FIRST	-	/Users/hrms/MAC-DEV-PROJECTS/south-desert-main-web/web-sds/sds-dev-governance
v1.25.0	da5bc13f8155	f70b1971	dirty	1	LOCAL_GOVERNANCE_DELTA	PROMOTE_FIRST	-	/Users/hrms/MAC-DEV-PROJECTS/teragenda/sds-dev-governance
v1.25.1	a704918ff937	9f4bba9	dirty	1	LOCAL_GOVERNANCE_DELTA	PROMOTE_FIRST	-	/Users/hrms/MAC-DEV-PROJECTS/upnews/sds-dev-governance
v1.26.0	f2ca3a5c814c	c2d4a12	dirty	1	LOCAL_GOVERNANCE_DELTA	PROMOTE_FIRST	-	/Users/hrms/MAC-DEV-PROJECTS/upnews-android/sds-dev-governance
v1.24.0	a0ae7fcf281c	4443095	clean	0	PROJECT_BEHIND_CANONICAL	INSPECT_BASELINE	-	/Users/hrms/MAC-DEV-PROJECTS/upnews-android/upnews/sds-dev-governance
v1.22.0	a61c200d19a1	d51d34b	clean	0	PROJECT_BEHIND_CANONICAL	INSPECT_BASELINE	-	/Users/hrms/MAC-DEV-PROJECTS/upnews_backup_16_08_2026/sds-dev-governance
v1.27.0	1e1fcb4773c7	605aafc	dirty	4	LOCAL_GOVERNANCE_DELTA	PROMOTE_FIRST	-	/Users/hrms/MAC-DEV-PROJECTS/web-3d/sds-dev-governance
v1.32.0	bd71dac41266	4fa5c89	dirty	980	CANONICAL_BEHIND_PROJECT	PROMOTE_FIRST	-	/Users/hrms/MAC-DEV-PROJECTS/web-jia/sds-dev-governance
